{"cameraMode":{"drawMode":0,"name":"Shaded","section":"Shading Mode"},"sceneLighting":false,"audioPlay":false,"sceneViewState":{"m_AlwaysRefresh":false,"showFog":true,"showSkybox":false,"showFlares":true,"showImageEffects":true,"showParticleSystems":true,"showVisualEffectGraphs":true,"m_FxEnabled":true},"in2DMode":false,"pivot":{"x":-0.2783110439777374,"y":0.7696660161018372,"z":2.7637548446655275},"rotation":{"x":0.09089362621307373,"y":0.06080550700426102,"z":0.005572129972279072,"w":-0.9939976930618286},"size":2.117583751678467,"orthographic":false}